1830993890847158661,1830995216171704792
1830995311726338300,1830995588701397391
1831480326465692158,1831508336380145721
1831629678052004037,1831630722496655747
1831660241219650046,1831663344442294338
1832534605687353661,1832535025038062005
1832722979656204531,1832723306644173055
1833315469455163709,1833315691338076377
1834054990752874580,1834055892880466427
1834136163072049536,1834136322392687099
1834767401923363081,1834776769452556564
1834784812890231192,1834784931534586300
1835477989787914725,1835501954958782943
1835670681729503367,1835864447518409005
1836172529284825237,1836173069418922185
