1834200674978201711,1834219549878878677
1834289272339530061,1834289383341707746
1834310320615284966,1834310408112627990
1834311641942589646,1834311856254845333
1834311822578778621,1834312720164028537
1834425703624053052,1834426221536706716
1834434496189661546,1834434802495467697
1834509256995057933,1834509423903129650
1834509487023292611,1834510049643036990
1834511224865988837,1834511299226861944
1834515307890880524,1834515696677781670
1834622617204240736,1834622675618259002
1834706553041305700,1834706835007549855
1834903440415469889,1834903542165094810
1834922920432607439,1834923238268559704
1834923602401280316,1834923857914085702
1834924615988396166,1834924789775188009
1834928000263192712,1834928093410345279
1834928743032434779,1834929037665616128
1834989248489177528,1834989395453395360
1834990893038027255,1834990990094135351
1835092357244698790,1835092495421882492
1835093757672538534,1835094094525481267
1835106144278466894,1835106741362868525
1835107450628063735,1835107674347941952
1835108286536020058,1835108859700297965
1835109352837193917,1835109469661151318
1835110481276924230,1835110717940515121
1835114175519244705,1835114464431292933
1835115162380210187,1835115656368603337
1835123172292841581,1835123284050166176
1835126490566107328,1835126792358969654
1835127217514594776,1835127412772028735
1835164193429110981,1835164259850109216
1835166048141951414,1835166210805449136
1835194905108320616,1835195418747322373
1835196646222970907,1835196695241752940
1835196881150132612,1835197307140423960
1835203298585948650,1835203561527164968
1835219675224895740,1835219849532129515
1835387938844385336,1835388072600703200
1835432944732913731,1835433285289415066
1835755024028401875,1835758827473674668
1835834497071464708,1835837178540442081
1835888846850212221,1835890394464416240
1835948522849571090,1835952430745632846
1835979917278040483,1835981633473912995
1836003874018116027,1836006302277152885
1836018234354815310,1836019028579811600
1836316414011183280,1836319839230791951
1836403541633830958,1836404434680893785
1836419975982256246,1836421714387062996
1836466109811466336,1836466815477911669
