"ƒvƒƒtƒ@ƒCƒ‹–¼","ƒRƒƒ“ƒg","ƒRƒƒ“ƒg2","ƒRƒƒ“ƒg3","‰æ‘œ","“®‰æ","ƒƒ‚","ŠÄŽ‹ƒAƒJƒEƒ“ƒg","—\–ñ“ŠeŽžŠÔ","ƒJƒXƒ^ƒ}[ƒL[","ƒJƒXƒ^ƒ}[ƒV[ƒNƒŒƒbƒgƒL[","ƒAƒNƒZƒXƒL[","ƒAƒNƒZƒXƒV[ƒNƒŒƒbƒgƒL[","ƒxƒAƒ‰ƒg[ƒNƒ“","ƒŠƒtƒŒƒbƒVƒ…ƒg[ƒNƒ“","ƒNƒ‰ƒCƒAƒ“ƒgID","ƒNƒ‰ƒCƒAƒ“ƒgƒV[ƒNƒŒƒbƒgID","ƒvƒƒLƒVURL","DMMID"
"Profile 95","ƒfƒJƒNƒŠ‚Á‚Ä’j‚ÌŽq‚«‚ç‚¢‚©‚ÈHy‰üsz#— C—Žqy‰üsz#‚¢‚¢‚Ë‚ÅDMy‰üsz#”ÞŽ•åW’†
fƒJƒbƒv‚ ‚é‚¯‚ÇŒ©‚½‚¢l‚¢‚éHy‰üsz#— C—Žqy‰üsz#‚¢‚¢‚Ë‚ÅDMy‰üsz#”ÞŽ•åW’†
‚±‚Ì‘OƒtƒHƒƒ[‚³‚ñ‚ÆŒ©‚¹‡‚¢‚Á‚±‚µ‚½‚¯‚ÇŽ„D‚Ý‚ÌƒfƒJœƒ“‚¾‚Á‚½?y‰üsz#— C—Žqy‰üsz#‚¢‚¢‚Ë‚ÅDM
‚Æ‚É‚©‚­¡‚Í‚¥‚¿‚ÈŒoŒ±‚ð‚½‚­‚³‚ñ‚µ‚½‚¢(*ÉƒÖÉ)y‰üsz#— C—Žq
¡“ú‚Í‚¨Žð‚ªˆù‚Ý‚½‚¢‹C•ª(†¤…)
ƒfƒJœƒ“‹‚—‚—‚—y‰üsz#— C—Žqy‰üsz#‚¢‚¢‚Ë‚ÅDMy‰üsz#”ÞŽ•åW’†
–³«‚Éƒ„ƒŠƒ^ƒC–é‚Á‚Ä‚ ‚é‚æ‚Ë......
’ª‚ß‚Á‚¿‚á‚­‚¯‚ÇŒ™‚¢Hy‰üsz#— C—Žqy‰üsz#‚¢‚¢‚Ë‚ÅDMy‰üsz#”ÞŽ•åW’†
‘åD‚«?
‚Ý‚ñ‚È‚à‚Á‚Æ‚©‚Ü‚Á‚Ä‚æ[[[(>_<)
ƒIƒW‚àD‚«‚Å‚·?y‰üsz#— C—Žqy‰üsz#‚¢‚¢‚Ë‚ÅDMy‰üsz#”ÞŽ•åW’†
¡“ú‚Í‚Ð‚Æ‚è‚Å‚µ‚¿‚á‚¤‚æ?
“¶œŒN‚ðP‚¢‚½‚¢‹C•ª‚—‚—‚—y‰üsz•’iƒhm‚¾‚¯‚Ç‚½‚Ü‚ÉƒoƒO‚è‚Ü‚·‚—
ƒŠƒA[‚µ‚½‚¢‚æ``.....
‚¦[‚ñ‚¦[‚ñ
DM‚Å??‘—‚Á‚Ä‚­‚él‘½‚·‚¬Iy‰üszƒ€ƒ‰ƒ€ƒ‰‚·‚é‚¶‚á‚ñIÎy‰üsz#— C—Žq
ƒtƒHƒƒ[5000l’´‚¦‚½‚ç—‡Ú‚¹‚Ü‚·!!Îy‰üsz#— C—Žq
‚»‚è‚áƒfƒJ‚¢lD‚«‚æHy‰üsz#— C—Žq
‚¨—U‚¢‚ÌDM‚ÍŠð‚µ‚¢‚¯‚ÇA‚ ‚Ü‚è‚É‹CŽ‚¿ˆ«‚¢DM‚Í‚â‚ß‚Ä[[
‚Ý‚ñ‚È‚ÌD‚«‚ÈƒvƒŒƒC‚ÍHy‰üsz#— C—Žqy‰üsz#‚¢‚¢‚Ë‚ÅDMy‰üsz#”ÞŽ•åW’†
¡“ú‚Í‚Ð‚Æ‚è‚Å‚µ‚¿‚á‚¤‚æ?
Q‚é‘OƒIƒiƒj[‚ª1”Ô‹CŽ‚¿‚¢‚¢y‰üsz#— C—Žqy‰üsz#‚¢‚¢‚Ë‚ÅDMy‰üsz#”ÞŽ•åW’†
¡“ú‚Í‚Ð‚Æ‚è‚Å‚µ‚¿‚á‚¤‚æ?
‚à‚Á‚ÆƒtƒFƒ‰ãŽè‚­‚È‚è‚½‚¢y‰üsz#— C—Žq
ƒtƒHƒƒ[‚³‚ñ‚Æ—·s‚Æ‚©s‚«‚½‚¢By‰üszƒ„ƒ‹‚¾‚¯‚ÌB
ð“ú‚ÍŠy‚µ‚©‚Á‚½y‰üsz#— ƒAƒJ—Žq
’N‚Å‚à‚¢‚¢‚í‚¯‚¶‚á‚È‚¢‚©‚ç‚Ë‚—
’j‚Ìl‚Á‚Ä×‚¢‚æ‚è‚Û‚Á‚¿‚á‚è‚Ì•û‚ªD‚«‚È‚Ì‚©‚ÈHy‰üsz#— C—Žq
‚·‚ñ‚²‚¢ƒ€ƒ‰ƒ€ƒ‰‚·‚é
–¾“ú‰É‚ÈlH
ƒNƒŠ‚Å‚Í‚¢‚¯‚é‚¯‚ÇA’†ƒCƒL‚Å‚«‚È‚¢y‰üsz’N‚©’†ƒCƒL‚³‚¹‚Ä‚­‚ê‚È‚¢Hy‰üsz#— C—Žq
ƒGƒbƒ`‚µ‚½‚¢y‰üsz#— C—Žq
ƒMƒ“ƒMƒ“‚Ì‚¿‚ñ‚Û‚Ý‚½[‚¢Î
“dŽÔ‚ÅƒTƒ‰ƒŠ[ƒ}ƒ“‚Ì‚à‚Á‚±‚è‚¿›‚±Œ©‚Ä‚µ‚Ü‚¤ÎÎy‰üsz#— C—Žqy‰üsz#’sŠ¿Šè–]
ƒtƒHƒƒ[1000l’´‚¦‚½‚çŠço‚µ‚µ‚æ‚¤‚©‚ÈB‚Å‚àAŽù—v‚È‚¢‚©AAy‰üsz#— C—Žq
ƒtƒHƒ[‚Æ‚¢‚¢‚Ë‚µ‚Ä‚­‚ê‚él‘åD‚«y‰üsz‚¢‚Â‚àƒ‰ƒ“ƒ_ƒ€‚Éƒ}ƒ““Ê‚µ‚Ä‚é‚æ?
‚ÌƒZƒt‚à‚¤Ø‚è‚½‚¢‚©‚çA‚¢‚¢‚Ë‚µ‚Ä‚­‚ê‚½l‚Ì’†‚©‚çV‚µ‚¢l’T‚·‚Ë
ƒsƒ‹ˆù‚ñ‚Å‚é‚Ì‚ÅŽ@‚µ‚Ä‚­‚¾‚³‚¢??#— C—Žq
¡“ú‰Æ‚É‚«‚Ä‚­‚ê‚él‚¢‚Ü‚¹‚ñ‚©H
‚à‚¿‚ë‚ñƒ^ƒ_‚Å’†‚Éo‚µ‚Ä‘åä•v‚Å‚·
‚¢‚¢‚Ë‚­‚ê‚½l‚Ì’†‚©‚ç‘I‚Ñ‚Ü‚·?#— C—Žq
ƒCƒ“ƒXƒ^‚ÉƒtƒHƒƒ[‚³‚ñ‚Æ‚ÌƒnüŽB‚è‚ ‚°‚½‚Ä‚Ö
‚Ý‚ñ‚È‚Ç‚Ì•ÓZ‚ñ‚Å‚é‚ÌHy‰üszZ‚Ý‹ß‚¢lƒKƒ`‚Å‰ï‚¢‚½‚¢
ƒCƒ“ƒXƒ^‚Éƒ‰ƒCƒ“Ú‚¹‚Ä‚é‚©‚ç‚Ý‚ñ‚È’Ç‰Á‚µ‚Ä#— C—Žq
y‹}•åzy‰üsz‚â‚è‚½‚¢Õ“®‚É‹ì‚ç‚ê‚Ä‚¢‚é‚Ì‚ÅA‘ŠŽè‚µ‚Ä‚­‚ê‚él‚¢‚¢‚Ë‰º‚³‚¢iƒKƒ`‚Å˜A—‚µ‚Ü‚·jy‰üsz#— C—Žqy‰üsz#‚¢‚¢‚Ë‚ÅDMy‰üsz#”ÞŽ•åW’†
¡“ú‚Ì‚¨•i‘‚«y‰üsz‡@ƒtƒHƒ[‚³‚ñ‚Æ‚ÌƒnüŽB‚èi13•ª40•bjy‰üszy‰üsz‡AŠwZ‚ÌƒgƒCƒŒ‚Å‚¨‚È“®‰æi5•ª32•bjy‰üszy‰üsz‡B‘ÌˆçŠÙ‚Åæ¶‚Ìär‚ß“®‰æi6•ª7•bjy‰üszy‰üsz‚Ç‚ê—~‚µ‚¢HH??y‰üsz‚¢‚¢‚Ë‚Æu??v‚Å”z‚Á‚¿‚á‚¤‚æ[III
X‚¾‚Æ‚·‚®‰ï‚¦‚é‚Á‚Ä•·‚¢‚ÄŽn‚ß‚½‚ñ‚¾‚¯‚Ç–{“–Hy‰üszƒCƒ“ƒXƒ^‚æ‚­Œ©‚é‚©‚çƒCƒ“ƒXƒ^‚É˜A—‚Ù‚µ‚¢??y‰üsz#— C—Žqy‰üsz#‚¢‚¢‚Ë‚ÅDMy‰üsz#”ÞŽ•åW’†
?‚µ‚½l‚ÉƒIƒi“Ê‚·‚éIy‰üsz?‚µ‚½l‚ÉƒIƒi“Ê‚·‚éIy‰üsz?‚µ‚½l‚ÉƒIƒi“Ê‚·‚éIy‰üsz?‚µ‚½l‚ÉƒIƒi“Ê‚·‚éIy‰üsz?‚µ‚½l‚ÉƒIƒi“Ê‚·‚éIy‰üszy‰üszƒRƒƒ“ƒgu??v‚Å—Dæ‚µ‚Ü‚·Iy‰üsz#— C—Žqy‰üsz#‚¢‚¢‚Ë‚ÅDMy‰üsz#”ÞŽ•åW’†","","","","","(95)‘IŽèŒ Flaxaz_4","@pukepykeee","08:23
11:41
14:18
22:19","","","1682666098800611328-QMSbyjRgG2JWGBTtJYVgHKtgHuVZD8","YYMaNNhhK5keJO9ufTbGn8JY8ZNFGMqbTzBNaSjuPWF9G","M01rSXp0blN4T25VQUJCT3FJU2tULTlTZGFMbDEyY3YxZ0poUGhvQksxMHdWOjE3Mjk0NDUwNTEyNDc6MToxOmF0OjE","X0thQ01nR1dCSEVBbWRKUVFVOGhjMDlOUmJVRlIzZFI5cGhpd3l5QkR5andGOjE3Mjk0NDUwNTEyNDc6MToxOnJ0OjE","","","",""
"Profile 97","ƒfƒJƒNƒŠ‚Á‚Ä’j‚ÌŽq‚«‚ç‚¢‚©‚ÈHy‰üsz#— C—Žqy‰üsz#‚¢‚¢‚Ë‚ÅDMy‰üsz#”ÞŽ•åW’†
fƒJƒbƒv‚ ‚é‚¯‚ÇŒ©‚½‚¢l‚¢‚éHy‰üsz#— C—Žqy‰üsz#‚¢‚¢‚Ë‚ÅDMy‰üsz#”ÞŽ•åW’†
‚±‚Ì‘OƒtƒHƒƒ[‚³‚ñ‚ÆŒ©‚¹‡‚¢‚Á‚±‚µ‚½‚¯‚ÇŽ„D‚Ý‚ÌƒfƒJœƒ“‚¾‚Á‚½?y‰üsz#— C—Žqy‰üsz#‚¢‚¢‚Ë‚ÅDM
‚Æ‚É‚©‚­¡‚Í‚¥‚¿‚ÈŒoŒ±‚ð‚½‚­‚³‚ñ‚µ‚½‚¢(*ÉƒÖÉ)y‰üsz#— C—Žq
¡“ú‚Í‚¨Žð‚ªˆù‚Ý‚½‚¢‹C•ª(†¤…)
ƒfƒJœƒ“‹‚—‚—‚—y‰üsz#— C—Žqy‰üsz#‚¢‚¢‚Ë‚ÅDMy‰üsz#”ÞŽ•åW’†
–³«‚Éƒ„ƒŠƒ^ƒC–é‚Á‚Ä‚ ‚é‚æ‚Ë......
’ª‚ß‚Á‚¿‚á‚­‚¯‚ÇŒ™‚¢Hy‰üsz#— C—Žqy‰üsz#‚¢‚¢‚Ë‚ÅDMy‰üsz#”ÞŽ•åW’†
‘åD‚«?
‚Ý‚ñ‚È‚à‚Á‚Æ‚©‚Ü‚Á‚Ä‚æ[[[(>_<)
ƒIƒW‚àD‚«‚Å‚·?y‰üsz#— C—Žqy‰üsz#‚¢‚¢‚Ë‚ÅDMy‰üsz#”ÞŽ•åW’†
¡“ú‚Í‚Ð‚Æ‚è‚Å‚µ‚¿‚á‚¤‚æ?
“¶œŒN‚ðP‚¢‚½‚¢‹C•ª‚—‚—‚—y‰üsz•’iƒhm‚¾‚¯‚Ç‚½‚Ü‚ÉƒoƒO‚è‚Ü‚·‚—
ƒŠƒA[‚µ‚½‚¢‚æ``.....
‚¦[‚ñ‚¦[‚ñ
DM‚Å??‘—‚Á‚Ä‚­‚él‘½‚·‚¬Iy‰üszƒ€ƒ‰ƒ€ƒ‰‚·‚é‚¶‚á‚ñIÎy‰üsz#— C—Žq
ƒtƒHƒƒ[5000l’´‚¦‚½‚ç—‡Ú‚¹‚Ü‚·!!Îy‰üsz#— C—Žq
‚»‚è‚áƒfƒJ‚¢lD‚«‚æHy‰üsz#— C—Žq
‚¨—U‚¢‚ÌDM‚ÍŠð‚µ‚¢‚¯‚ÇA‚ ‚Ü‚è‚É‹CŽ‚¿ˆ«‚¢DM‚Í‚â‚ß‚Ä[[
‚Ý‚ñ‚È‚ÌD‚«‚ÈƒvƒŒƒC‚ÍHy‰üsz#— C—Žqy‰üsz#‚¢‚¢‚Ë‚ÅDMy‰üsz#”ÞŽ•åW’†
¡“ú‚Í‚Ð‚Æ‚è‚Å‚µ‚¿‚á‚¤‚æ?
Q‚é‘OƒIƒiƒj[‚ª1”Ô‹CŽ‚¿‚¢‚¢y‰üsz#— C—Žqy‰üsz#‚¢‚¢‚Ë‚ÅDMy‰üsz#”ÞŽ•åW’†
¡“ú‚Í‚Ð‚Æ‚è‚Å‚µ‚¿‚á‚¤‚æ?
‚à‚Á‚ÆƒtƒFƒ‰ãŽè‚­‚È‚è‚½‚¢y‰üsz#— C—Žq
ƒtƒHƒƒ[‚³‚ñ‚Æ—·s‚Æ‚©s‚«‚½‚¢By‰üszƒ„ƒ‹‚¾‚¯‚ÌB
ð“ú‚ÍŠy‚µ‚©‚Á‚½y‰üsz#— ƒAƒJ—Žq
’N‚Å‚à‚¢‚¢‚í‚¯‚¶‚á‚È‚¢‚©‚ç‚Ë‚—
’j‚Ìl‚Á‚Ä×‚¢‚æ‚è‚Û‚Á‚¿‚á‚è‚Ì•û‚ªD‚«‚È‚Ì‚©‚ÈHy‰üsz#— C—Žq
‚·‚ñ‚²‚¢ƒ€ƒ‰ƒ€ƒ‰‚·‚é
–¾“ú‰É‚ÈlH
ƒNƒŠ‚Å‚Í‚¢‚¯‚é‚¯‚ÇA’†ƒCƒL‚Å‚«‚È‚¢y‰üsz’N‚©’†ƒCƒL‚³‚¹‚Ä‚­‚ê‚È‚¢Hy‰üsz#— C—Žq
ƒGƒbƒ`‚µ‚½‚¢y‰üsz#— C—Žq
ƒMƒ“ƒMƒ“‚Ì‚¿‚ñ‚Û‚Ý‚½[‚¢Î
“dŽÔ‚ÅƒTƒ‰ƒŠ[ƒ}ƒ“‚Ì‚à‚Á‚±‚è‚¿›‚±Œ©‚Ä‚µ‚Ü‚¤ÎÎy‰üsz#— C—Žqy‰üsz#’sŠ¿Šè–]
ƒtƒHƒƒ[1000l’´‚¦‚½‚çŠço‚µ‚µ‚æ‚¤‚©‚ÈB‚Å‚àAŽù—v‚È‚¢‚©AAy‰üsz#— C—Žq
ƒtƒHƒ[‚Æ‚¢‚¢‚Ë‚µ‚Ä‚­‚ê‚él‘åD‚«y‰üsz‚¢‚Â‚àƒ‰ƒ“ƒ_ƒ€‚Éƒ}ƒ““Ê‚µ‚Ä‚é‚æ?
‚ÌƒZƒt‚à‚¤Ø‚è‚½‚¢‚©‚çA‚¢‚¢‚Ë‚µ‚Ä‚­‚ê‚½l‚Ì’†‚©‚çV‚µ‚¢l’T‚·‚Ë
ƒsƒ‹ˆù‚ñ‚Å‚é‚Ì‚ÅŽ@‚µ‚Ä‚­‚¾‚³‚¢??#— C—Žq
¡“ú‰Æ‚É‚«‚Ä‚­‚ê‚él‚¢‚Ü‚¹‚ñ‚©H
‚à‚¿‚ë‚ñƒ^ƒ_‚Å’†‚Éo‚µ‚Ä‘åä•v‚Å‚·
‚¢‚¢‚Ë‚­‚ê‚½l‚Ì’†‚©‚ç‘I‚Ñ‚Ü‚·?#— C—Žq
ƒCƒ“ƒXƒ^‚ÉƒtƒHƒƒ[‚³‚ñ‚Æ‚ÌƒnüŽB‚è‚ ‚°‚½‚Ä‚Ö
‚Ý‚ñ‚È‚Ç‚Ì•ÓZ‚ñ‚Å‚é‚ÌHy‰üszZ‚Ý‹ß‚¢lƒKƒ`‚Å‰ï‚¢‚½‚¢
ƒCƒ“ƒXƒ^‚Éƒ‰ƒCƒ“Ú‚¹‚Ä‚é‚©‚ç‚Ý‚ñ‚È’Ç‰Á‚µ‚Ä#— C—Žq
y‹}•åzy‰üsz‚â‚è‚½‚¢Õ“®‚É‹ì‚ç‚ê‚Ä‚¢‚é‚Ì‚ÅA‘ŠŽè‚µ‚Ä‚­‚ê‚él‚¢‚¢‚Ë‰º‚³‚¢iƒKƒ`‚Å˜A—‚µ‚Ü‚·jy‰üsz#— C—Žqy‰üsz#‚¢‚¢‚Ë‚ÅDMy‰üsz#”ÞŽ•åW’†
¡“ú‚Ì‚¨•i‘‚«y‰üsz‡@ƒtƒHƒ[‚³‚ñ‚Æ‚ÌƒnüŽB‚èi13•ª40•bjy‰üszy‰üsz‡AŠwZ‚ÌƒgƒCƒŒ‚Å‚¨‚È“®‰æi5•ª32•bjy‰üszy‰üsz‡B‘ÌˆçŠÙ‚Åæ¶‚Ìär‚ß“®‰æi6•ª7•bjy‰üszy‰üsz‚Ç‚ê—~‚µ‚¢HH??y‰üsz‚¢‚¢‚Ë‚Æu??v‚Å”z‚Á‚¿‚á‚¤‚æ[III
X‚¾‚Æ‚·‚®‰ï‚¦‚é‚Á‚Ä•·‚¢‚ÄŽn‚ß‚½‚ñ‚¾‚¯‚Ç–{“–Hy‰üszƒCƒ“ƒXƒ^‚æ‚­Œ©‚é‚©‚çƒCƒ“ƒXƒ^‚É˜A—‚Ù‚µ‚¢??y‰üsz#— C—Žqy‰üsz#‚¢‚¢‚Ë‚ÅDMy‰üsz#”ÞŽ•åW’†
?‚µ‚½l‚ÉƒIƒi“Ê‚·‚éIy‰üsz?‚µ‚½l‚ÉƒIƒi“Ê‚·‚éIy‰üsz?‚µ‚½l‚ÉƒIƒi“Ê‚·‚éIy‰üsz?‚µ‚½l‚ÉƒIƒi“Ê‚·‚éIy‰üsz?‚µ‚½l‚ÉƒIƒi“Ê‚·‚éIy‰üszy‰üszƒRƒƒ“ƒgu??v‚Å—Dæ‚µ‚Ü‚·Iy‰üsz#— C—Žqy‰üsz#‚¢‚¢‚Ë‚ÅDMy‰üsz#”ÞŽ•åW’†","","","","","(97)‘IŽèŒ ‚à‚Ç‚«X___shu___X","@all_chinchin","07:16
10:28
13:13
23:09","","","1816101349555310592-AqzBqVpIaAu3koshQabhZULfHYZvqH","FDXOZeUNVLwSQHCLbXALgIlvrV2SUTfUfwvth3ByLrNip","QWhmUHpINjZYQ3pZQWQxM0E5Yy1oMkczUG9zRkVETFJnbFd0UXlRZHl6RDhnOjE3Mjk0NDUwNjY0OTg6MToxOmF0OjE","UWV1RFRtWHFwTjhOR0JlUGktdnBfMUV2djlHUU9NNk1EWm83OXZmZURWX0o3OjE3Mjk0NDUwNjY0OTg6MToxOnJ0OjE","","","",""
"Profile 90","ƒfƒJƒNƒŠ‚Á‚Ä’j‚ÌŽq‚«‚ç‚¢‚©‚ÈHy‰üsz#— C—Žqy‰üsz#‚¢‚¢‚Ë‚ÅDMy‰üsz#”ÞŽ•åW’†
fƒJƒbƒv‚ ‚é‚¯‚ÇŒ©‚½‚¢l‚¢‚éHy‰üsz#— C—Žqy‰üsz#‚¢‚¢‚Ë‚ÅDMy‰üsz#”ÞŽ•åW’†
‚±‚Ì‘OƒtƒHƒƒ[‚³‚ñ‚ÆŒ©‚¹‡‚¢‚Á‚±‚µ‚½‚¯‚ÇŽ„D‚Ý‚ÌƒfƒJœƒ“‚¾‚Á‚½?y‰üsz#— C—Žqy‰üsz#‚¢‚¢‚Ë‚ÅDM
‚Æ‚É‚©‚­¡‚Í‚¥‚¿‚ÈŒoŒ±‚ð‚½‚­‚³‚ñ‚µ‚½‚¢(*ÉƒÖÉ)y‰üsz#— C—Žq
¡“ú‚Í‚¨Žð‚ªˆù‚Ý‚½‚¢‹C•ª(†¤…)
ƒfƒJœƒ“‹‚—‚—‚—y‰üsz#— C—Žqy‰üsz#‚¢‚¢‚Ë‚ÅDMy‰üsz#”ÞŽ•åW’†
–³«‚Éƒ„ƒŠƒ^ƒC–é‚Á‚Ä‚ ‚é‚æ‚Ë......
’ª‚ß‚Á‚¿‚á‚­‚¯‚ÇŒ™‚¢Hy‰üsz#— C—Žqy‰üsz#‚¢‚¢‚Ë‚ÅDMy‰üsz#”ÞŽ•åW’†
‘åD‚«?
‚Ý‚ñ‚È‚à‚Á‚Æ‚©‚Ü‚Á‚Ä‚æ[[[(>_<)
ƒIƒW‚àD‚«‚Å‚·?y‰üsz#— C—Žqy‰üsz#‚¢‚¢‚Ë‚ÅDMy‰üsz#”ÞŽ•åW’†
¡“ú‚Í‚Ð‚Æ‚è‚Å‚µ‚¿‚á‚¤‚æ?
“¶œŒN‚ðP‚¢‚½‚¢‹C•ª‚—‚—‚—y‰üsz•’iƒhm‚¾‚¯‚Ç‚½‚Ü‚ÉƒoƒO‚è‚Ü‚·‚—
ƒŠƒA[‚µ‚½‚¢‚æ``.....
‚¦[‚ñ‚¦[‚ñ
DM‚Å??‘—‚Á‚Ä‚­‚él‘½‚·‚¬Iy‰üszƒ€ƒ‰ƒ€ƒ‰‚·‚é‚¶‚á‚ñIÎy‰üsz#— C—Žq
ƒtƒHƒƒ[5000l’´‚¦‚½‚ç—‡Ú‚¹‚Ü‚·!!Îy‰üsz#— C—Žq
‚»‚è‚áƒfƒJ‚¢lD‚«‚æHy‰üsz#— C—Žq
‚¨—U‚¢‚ÌDM‚ÍŠð‚µ‚¢‚¯‚ÇA‚ ‚Ü‚è‚É‹CŽ‚¿ˆ«‚¢DM‚Í‚â‚ß‚Ä[[
‚Ý‚ñ‚È‚ÌD‚«‚ÈƒvƒŒƒC‚ÍHy‰üsz#— C—Žqy‰üsz#‚¢‚¢‚Ë‚ÅDMy‰üsz#”ÞŽ•åW’†
¡“ú‚Í‚Ð‚Æ‚è‚Å‚µ‚¿‚á‚¤‚æ?
Q‚é‘OƒIƒiƒj[‚ª1”Ô‹CŽ‚¿‚¢‚¢y‰üsz#— C—Žqy‰üsz#‚¢‚¢‚Ë‚ÅDMy‰üsz#”ÞŽ•åW’†
¡“ú‚Í‚Ð‚Æ‚è‚Å‚µ‚¿‚á‚¤‚æ?
‚à‚Á‚ÆƒtƒFƒ‰ãŽè‚­‚È‚è‚½‚¢y‰üsz#— C—Žq
ƒtƒHƒƒ[‚³‚ñ‚Æ—·s‚Æ‚©s‚«‚½‚¢By‰üszƒ„ƒ‹‚¾‚¯‚ÌB
ð“ú‚ÍŠy‚µ‚©‚Á‚½y‰üsz#— ƒAƒJ—Žq
’N‚Å‚à‚¢‚¢‚í‚¯‚¶‚á‚È‚¢‚©‚ç‚Ë‚—
’j‚Ìl‚Á‚Ä×‚¢‚æ‚è‚Û‚Á‚¿‚á‚è‚Ì•û‚ªD‚«‚È‚Ì‚©‚ÈHy‰üsz#— C—Žq
‚·‚ñ‚²‚¢ƒ€ƒ‰ƒ€ƒ‰‚·‚é
–¾“ú‰É‚ÈlH
ƒNƒŠ‚Å‚Í‚¢‚¯‚é‚¯‚ÇA’†ƒCƒL‚Å‚«‚È‚¢y‰üsz’N‚©’†ƒCƒL‚³‚¹‚Ä‚­‚ê‚È‚¢Hy‰üsz#— C—Žq
ƒGƒbƒ`‚µ‚½‚¢y‰üsz#— C—Žq
ƒMƒ“ƒMƒ“‚Ì‚¿‚ñ‚Û‚Ý‚½[‚¢Î
“dŽÔ‚ÅƒTƒ‰ƒŠ[ƒ}ƒ“‚Ì‚à‚Á‚±‚è‚¿›‚±Œ©‚Ä‚µ‚Ü‚¤ÎÎy‰üsz#— C—Žqy‰üsz#’sŠ¿Šè–]
ƒtƒHƒƒ[1000l’´‚¦‚½‚çŠço‚µ‚µ‚æ‚¤‚©‚ÈB‚Å‚àAŽù—v‚È‚¢‚©AAy‰üsz#— C—Žq
ƒtƒHƒ[‚Æ‚¢‚¢‚Ë‚µ‚Ä‚­‚ê‚él‘åD‚«y‰üsz‚¢‚Â‚àƒ‰ƒ“ƒ_ƒ€‚Éƒ}ƒ““Ê‚µ‚Ä‚é‚æ?
‚ÌƒZƒt‚à‚¤Ø‚è‚½‚¢‚©‚çA‚¢‚¢‚Ë‚µ‚Ä‚­‚ê‚½l‚Ì’†‚©‚çV‚µ‚¢l’T‚·‚Ë
ƒsƒ‹ˆù‚ñ‚Å‚é‚Ì‚ÅŽ@‚µ‚Ä‚­‚¾‚³‚¢??#— C—Žq
¡“ú‰Æ‚É‚«‚Ä‚­‚ê‚él‚¢‚Ü‚¹‚ñ‚©H
‚à‚¿‚ë‚ñƒ^ƒ_‚Å’†‚Éo‚µ‚Ä‘åä•v‚Å‚·
‚¢‚¢‚Ë‚­‚ê‚½l‚Ì’†‚©‚ç‘I‚Ñ‚Ü‚·?#— C—Žq
ƒCƒ“ƒXƒ^‚ÉƒtƒHƒƒ[‚³‚ñ‚Æ‚ÌƒnüŽB‚è‚ ‚°‚½‚Ä‚Ö
‚Ý‚ñ‚È‚Ç‚Ì•ÓZ‚ñ‚Å‚é‚ÌHy‰üszZ‚Ý‹ß‚¢lƒKƒ`‚Å‰ï‚¢‚½‚¢
ƒCƒ“ƒXƒ^‚Éƒ‰ƒCƒ“Ú‚¹‚Ä‚é‚©‚ç‚Ý‚ñ‚È’Ç‰Á‚µ‚Ä#— C—Žq
y‹}•åzy‰üsz‚â‚è‚½‚¢Õ“®‚É‹ì‚ç‚ê‚Ä‚¢‚é‚Ì‚ÅA‘ŠŽè‚µ‚Ä‚­‚ê‚él‚¢‚¢‚Ë‰º‚³‚¢iƒKƒ`‚Å˜A—‚µ‚Ü‚·jy‰üsz#— C—Žqy‰üsz#‚¢‚¢‚Ë‚ÅDMy‰üsz#”ÞŽ•åW’†
¡“ú‚Ì‚¨•i‘‚«y‰üsz‡@ƒtƒHƒ[‚³‚ñ‚Æ‚ÌƒnüŽB‚èi13•ª40•bjy‰üszy‰üsz‡AŠwZ‚ÌƒgƒCƒŒ‚Å‚¨‚È“®‰æi5•ª32•bjy‰üszy‰üsz‡B‘ÌˆçŠÙ‚Åæ¶‚Ìär‚ß“®‰æi6•ª7•bjy‰üszy‰üsz‚Ç‚ê—~‚µ‚¢HH??y‰üsz‚¢‚¢‚Ë‚Æu??v‚Å”z‚Á‚¿‚á‚¤‚æ[III
X‚¾‚Æ‚·‚®‰ï‚¦‚é‚Á‚Ä•·‚¢‚ÄŽn‚ß‚½‚ñ‚¾‚¯‚Ç–{“–Hy‰üszƒCƒ“ƒXƒ^‚æ‚­Œ©‚é‚©‚çƒCƒ“ƒXƒ^‚É˜A—‚Ù‚µ‚¢??y‰üsz#— C—Žqy‰üsz#‚¢‚¢‚Ë‚ÅDMy‰üsz#”ÞŽ•åW’†
?‚µ‚½l‚ÉƒIƒi“Ê‚·‚éIy‰üsz?‚µ‚½l‚ÉƒIƒi“Ê‚·‚éIy‰üsz?‚µ‚½l‚ÉƒIƒi“Ê‚·‚éIy‰üsz?‚µ‚½l‚ÉƒIƒi“Ê‚·‚éIy‰üsz?‚µ‚½l‚ÉƒIƒi“Ê‚·‚éIy‰üszy‰üszƒRƒƒ“ƒgu??v‚Å—Dæ‚µ‚Ü‚·Iy‰üsz#— C—Žqy‰üsz#‚¢‚¢‚Ë‚ÅDMy‰üsz#”ÞŽ•åW’†","","","","","(90)‘IŽèŒ“haruku__017","@AR60040604","09:26
11:17
14:39
22:41","","","1474786350314700801-pd3R6PsTOh5cLu6t2n3YBHcyE5T99F","AntODBDbjjViWmNQ8Qv7wS7m1tmWW85BOhnSeLxa1dKyC","YVJlZERleEtmbUQ3VF8yMDZmSm9NODBxbkdzS0ZfZkEyUF95NXNPZHMyYUJ4OjE3Mjk0NDUwODA0Mzg6MTowOmF0OjE","UEh5VFJMSUNNWkdzQnFGZEc1Wm53eVlrcWpyWHlOMVptbmRQa2RTN01Cb3lEOjE3Mjk0NDUwODA0Mzg6MTowOnJ0OjE","","","",""
"Profile 36","u¡“ú‚Í‚È‚ñ‚¾‚©’²Žq‚ª—Ç‚¢I‰½‚©—Ç‚¢‚±‚Æ‚ª‹N‚±‚è‚»‚¤‚È‹C‚ª‚·‚é‚©‚çAƒ|ƒWƒeƒBƒu‚É‚¢‚±‚¤Iv
uÅ‹ßA–{“–‚ÉŠ´ŽÓ‚·‚é‚±‚Æ‚ª‘‚¦‚½‚ÈB‚Â‚¢‚Ä‚é‚Á‚Ä‚±‚¤‚¢‚¤‚±‚Æ‚ðŒ¾‚¤‚ñ‚¾‚ë‚¤‚ÈBv
u‰ü‚ß‚ÄŽv‚¤‚¯‚ÇAÎŠç‚Å‚¢‚é‚Æ‰½‚Å‚à‚¤‚Ü‚­‚¢‚­‹C‚ª‚·‚éB‚â‚Á‚Ï‚è‘OŒü‚«‚È‹CŽ‚¿‚ª‘åŽ–‚¾‚ÈBv
u–²‚ÉŒü‚©‚Á‚ÄƒRƒcƒRƒc‚â‚Á‚Ä‚é‚¯‚ÇA­‚µ‚¸‚Â‘Oi‚µ‚Ä‚éŽÀŠ´‚ª‚ ‚éB’ú‚ß‚¸‚É‘±‚¯‚é‚Ì‚ªŒ®‚¾‚ÈBv
u‚Ç‚ñ‚È‚É–Z‚µ‚­‚Ä‚àAŠy‚µ‚Þ‹CŽ‚¿‚ð–Y‚ê‚È‚¢‚æ‚¤‚É‚µ‚Ä‚éB–ˆ“ú‚ðŠy‚µ‚Þ‚±‚Æ‚ªAK‚¹‚ÉŒq‚ª‚é‹C‚ª‚·‚éBv
uŒ’N‚Å‚¢‚é‚±‚Æ‚ªˆê”Ô‚ÌàŽY‚¾‚æ‚ÈB¡“ú‚à‘Ì’²–œ‘S‚ÅAŽ©•ª‚Ìƒy[ƒX‚ÅŠæ’£‚ë‚¤Bv
u¬‚³‚È¬Œ÷‚Å‚àA‚»‚ê‚ð‚¿‚á‚ñ‚ÆŠì‚×‚é‚Ì‚ª‘åŽ–BÏ‚Ýd‚Ë‚ª‘å‚«‚È¬‰Ê‚ÉŒq‚ª‚é‚ñ‚¾‚æ‚ËBv
uŽ¸”s‚·‚é‚±‚Æ‚à‚ ‚é‚¯‚ÇA‚»‚ê‚àŠÜ‚ß‚Ä¬’·‚¾‚æ‚ÈB‹C‚É‚¹‚¸ŽŸ‚Éi‚Þ‚Ì‚ÝIv
u‚Ç‚¤‚µ‚Ä‚àƒ_ƒ‚È“ú‚à‚ ‚é‚¯‚ÇA‘OŒü‚«‚Él‚¦‚é‚Æ•K‚¸“¹‚ÍŠJ‚¯‚éBÅ‚ç‚¸s‚±‚¤Bv
uˆ¤‚Æ‚©—Fî‚Á‚ÄAŒ‹‹Çl¶‚Åˆê”Ô‘åØ‚È‚à‚Ì‚¾‚È‚Á‚ÄÅ‹ß‰ü‚ß‚ÄŽv‚¤‚æBŠ´ŽÓ‚µ‚È‚«‚áBv
uŽ©•ª‚ðM‚¶‚Ä‚â‚è‘±‚¯‚ê‚ÎAâ‘Î‚É‰½‚©•Ï‚í‚é‚Á‚ÄM‚¶‚Ä‚éB–¢—ˆ‚Í–¾‚é‚¢‚Í‚¸‚¾Bv
uŠ´ŽÓ‚Á‚Ä‘åŽ–‚¾‚È‚Á‚ÄÅ‹ßŠ´‚¶‚éBw‚ ‚è‚ª‚Æ‚¤x‚ð‚à‚Á‚ÆŒû‚Éo‚·‚æ‚¤‚É‚µ‚æ‚¤‚ÆŽv‚¤Bv
uV‚µ‚¢‚±‚Æ‚É’§í‚·‚é‚Ì‚Á‚Ä•|‚¢‚¯‚ÇA‚»‚ê‚ªŽ©•ª‚ð¬’·‚³‚¹‚é‚ñ‚¾‚æ‚ÈBv
u’¼Š´‚Á‚ÄˆÓŠO‚Æ“–‚½‚é‚æ‚ËB‚±‚ê‚©‚ç‚Í‚à‚Á‚ÆŽ©•ª‚ÌŠ´Šo‚ðM‚¶‚Ä‚Ý‚æ‚¤‚ÆŽv‚¤Bv
u–ˆ“ú‚ð‘åŽ–‚É‰ß‚²‚·‚±‚Æ‚ªAŒ‹‹Çˆê”Ô‚Ì¬Œ÷‚Ö‚Ì‹ß“¹‚È‚ñ‚¾‚ë‚¤‚È‚Á‚ÄŽv‚¤Bv
u‰½‚ª‚ ‚Á‚Ä‚à’ú‚ß‚¸‚É‘±‚¯‚é‚±‚Æ‚ª‘åØB‚¢‚Â‚©‚»‚Ì“w—Í‚ª•ñ‚í‚ê‚é“ú‚ª—ˆ‚é‚Í‚¸‚¾Bv
uÅ‹ß‚ÍwŽ¸”s‚µ‚Ä‚à‚¢‚¢x‚Á‚ÄŽv‚¦‚é‚æ‚¤‚É‚È‚Á‚½B‚»‚±‚©‚çŠw‚×‚é‚±‚Æ‚ª‚½‚­‚³‚ñ‚ ‚é‚©‚çBv
u¡“ú‚àˆê“úAƒ|ƒWƒeƒBƒu‚É‚¢‚±‚¤B‹CŽ‚¿‚ª–¾‚é‚¢‚ÆAŽü‚è‚Ì‚±‚Æ‚àŽ©‘R‚Æ‚¤‚Ü‚­‚¢‚­Bv
u‚È‚ñ‚¾‚©‚ñ‚¾‚ÅAŠæ’£‚Á‚Ä‚éŽ©•ª‚ð‚¿‚á‚ñ‚Æ–J‚ß‚Ä‚ ‚°‚é‚Ì‚à‘åŽ–‚¾‚æ‚ÈBv
uŽü‚è‚Ìl‚½‚¿‚ÉŽx‚¦‚ç‚ê‚Ä‚é‚Á‚ÄŠ´‚¶‚é‚ÆAŽ©‘R‚ÆŠ´ŽÓ‚Ì‹CŽ‚¿‚ª—N‚¢‚Ä‚­‚éBv
uƒ`ƒƒƒŒƒ“ƒW‚·‚é‚±‚Æ‚ÉˆÓ–¡‚ª‚ ‚éBŒ‹‰Ê‚ª‚Ç‚¤‚Å‚ ‚êA’§í‚µ‚Ä‚éŽ©•ª‚ðŒÖ‚è‚ÉŽv‚¤Bv
uŽü‚è‚Éƒ|ƒWƒeƒBƒu‚ÈƒGƒlƒ‹ƒM[‚ð—^‚¦‚é‚ÆAŽ©‘R‚ÆŽ©•ª‚É‚à—Ç‚¢‰^‹C‚ª•Ô‚Á‚Ä‚­‚é‹C‚ª‚·‚éBv
u•sˆÀ‚È‚±‚Æ‚ª‚ ‚Á‚Ä‚àAˆÀS‚µ‚Äi‚ñ‚Å‚¢‚¯‚Î‚È‚ñ‚Æ‚©‚È‚é‚à‚ñ‚¾‚æ‚ËBv
uw‰½Ž–‚à’²˜a‚ª‘åŽ–x‚Á‚ÄÅ‹ß‚æ‚­l‚¦‚éB–³—‚µ‚·‚¬‚¸Aƒoƒ‰ƒ“ƒX‚ðŽæ‚Á‚Ä‚¢‚±‚¤Bv
u•½˜a‚È‹CŽ‚¿‚Å‚¢‚é‚ÆAŽ©‘R‚ÆŽü‚è‚à‰¸‚â‚©‚É‚È‚é‚©‚ç•sŽv‹c‚¾‚æ‚ÈBv
u¡“ú‚ÍV‚µ‚¢‚±‚Æ‚É’§í‚µ‚æ‚¤IŽ¸”s‚ð‹°‚ê‚¸Aˆê•à“¥‚Ýo‚µ‚Ä‚Ý‚éBv
uŽ©—R‚ÈŽžŠÔ‚Á‚Ä–{“–‚É‘åŽ–‚¾‚ÈBŽ©•ª‚ç‚µ‚³‚ðŽæ‚è–ß‚¹‚é‚µAƒŠƒtƒŒƒbƒVƒ…‚Å‚«‚éBv
u“w—Í‚Í— Ø‚ç‚È‚¢‚Á‚ÄM‚¶‚Ä‚éB‚¾‚©‚çA‚Ç‚ñ‚È‚Éh‚­‚Ä‚à‘±‚¯‚Ä‚¢‚±‚¤Bv
u‹P‚­–¢—ˆ‚ª‘Ò‚Á‚Ä‚é‚Á‚ÄŽv‚¤‚ÆA¡“ú‚àˆê“úŠæ’£‚ë‚¤‚Á‚Ä‹CŽ‚¿‚É‚È‚ê‚éBv
uŸ—˜‚Á‚ÄA¬‚³‚Èˆê•àˆê•à‚ÌÏ‚Ýd‚Ë‚È‚ñ‚¾‚æ‚ËB¡“ú‚à­‚µ‚¸‚Âi‚ñ‚Å‚¢‚±‚¤Bv","","","","","(36)Z‹­okazunoteiou","@blchandayo","08:41
11:55
15:21
00:09","","","1586225527374991360-77JVIeQjo5TuudnFHjazn4o0FcdWfD","ohzPdDNAnQIpJG6JLPbyIfELARF2LTwlSiriafWNEm3dH","bnBGcXF5TXBNdElyd1JyTHUtU1JxX2xqcUlpZURyczFPM2xKU3E1VXRIYXpnOjE3Mjk0NDUwOTYwMjE6MToxOmF0OjE","akFZMHFpRkZqTkJJRV84cWhrOGlEVnF5RnRjb1NEc0tPVzhWdE4xbkRGa2tJOjE3Mjk0NDUwOTYwMjE6MToxOnJ0OjE","","","",""
"Profile 48","u¡“ú‚Í‚È‚ñ‚¾‚©’²Žq‚ª—Ç‚¢I‰½‚©—Ç‚¢‚±‚Æ‚ª‹N‚±‚è‚»‚¤‚È‹C‚ª‚·‚é‚©‚çAƒ|ƒWƒeƒBƒu‚É‚¢‚±‚¤Iv
uÅ‹ßA–{“–‚ÉŠ´ŽÓ‚·‚é‚±‚Æ‚ª‘‚¦‚½‚ÈB‚Â‚¢‚Ä‚é‚Á‚Ä‚±‚¤‚¢‚¤‚±‚Æ‚ðŒ¾‚¤‚ñ‚¾‚ë‚¤‚ÈBv
u‰ü‚ß‚ÄŽv‚¤‚¯‚ÇAÎŠç‚Å‚¢‚é‚Æ‰½‚Å‚à‚¤‚Ü‚­‚¢‚­‹C‚ª‚·‚éB‚â‚Á‚Ï‚è‘OŒü‚«‚È‹CŽ‚¿‚ª‘åŽ–‚¾‚ÈBv
u–²‚ÉŒü‚©‚Á‚ÄƒRƒcƒRƒc‚â‚Á‚Ä‚é‚¯‚ÇA­‚µ‚¸‚Â‘Oi‚µ‚Ä‚éŽÀŠ´‚ª‚ ‚éB’ú‚ß‚¸‚É‘±‚¯‚é‚Ì‚ªŒ®‚¾‚ÈBv
u‚Ç‚ñ‚È‚É–Z‚µ‚­‚Ä‚àAŠy‚µ‚Þ‹CŽ‚¿‚ð–Y‚ê‚È‚¢‚æ‚¤‚É‚µ‚Ä‚éB–ˆ“ú‚ðŠy‚µ‚Þ‚±‚Æ‚ªAK‚¹‚ÉŒq‚ª‚é‹C‚ª‚·‚éBv
uŒ’N‚Å‚¢‚é‚±‚Æ‚ªˆê”Ô‚ÌàŽY‚¾‚æ‚ÈB¡“ú‚à‘Ì’²–œ‘S‚ÅAŽ©•ª‚Ìƒy[ƒX‚ÅŠæ’£‚ë‚¤Bv
u¬‚³‚È¬Œ÷‚Å‚àA‚»‚ê‚ð‚¿‚á‚ñ‚ÆŠì‚×‚é‚Ì‚ª‘åŽ–BÏ‚Ýd‚Ë‚ª‘å‚«‚È¬‰Ê‚ÉŒq‚ª‚é‚ñ‚¾‚æ‚ËBv
uŽ¸”s‚·‚é‚±‚Æ‚à‚ ‚é‚¯‚ÇA‚»‚ê‚àŠÜ‚ß‚Ä¬’·‚¾‚æ‚ÈB‹C‚É‚¹‚¸ŽŸ‚Éi‚Þ‚Ì‚ÝIv
u‚Ç‚¤‚µ‚Ä‚àƒ_ƒ‚È“ú‚à‚ ‚é‚¯‚ÇA‘OŒü‚«‚Él‚¦‚é‚Æ•K‚¸“¹‚ÍŠJ‚¯‚éBÅ‚ç‚¸s‚±‚¤Bv
uˆ¤‚Æ‚©—Fî‚Á‚ÄAŒ‹‹Çl¶‚Åˆê”Ô‘åØ‚È‚à‚Ì‚¾‚È‚Á‚ÄÅ‹ß‰ü‚ß‚ÄŽv‚¤‚æBŠ´ŽÓ‚µ‚È‚«‚áBv
uŽ©•ª‚ðM‚¶‚Ä‚â‚è‘±‚¯‚ê‚ÎAâ‘Î‚É‰½‚©•Ï‚í‚é‚Á‚ÄM‚¶‚Ä‚éB–¢—ˆ‚Í–¾‚é‚¢‚Í‚¸‚¾Bv
uŠ´ŽÓ‚Á‚Ä‘åŽ–‚¾‚È‚Á‚ÄÅ‹ßŠ´‚¶‚éBw‚ ‚è‚ª‚Æ‚¤x‚ð‚à‚Á‚ÆŒû‚Éo‚·‚æ‚¤‚É‚µ‚æ‚¤‚ÆŽv‚¤Bv
uV‚µ‚¢‚±‚Æ‚É’§í‚·‚é‚Ì‚Á‚Ä•|‚¢‚¯‚ÇA‚»‚ê‚ªŽ©•ª‚ð¬’·‚³‚¹‚é‚ñ‚¾‚æ‚ÈBv
u’¼Š´‚Á‚ÄˆÓŠO‚Æ“–‚½‚é‚æ‚ËB‚±‚ê‚©‚ç‚Í‚à‚Á‚ÆŽ©•ª‚ÌŠ´Šo‚ðM‚¶‚Ä‚Ý‚æ‚¤‚ÆŽv‚¤Bv
u–ˆ“ú‚ð‘åŽ–‚É‰ß‚²‚·‚±‚Æ‚ªAŒ‹‹Çˆê”Ô‚Ì¬Œ÷‚Ö‚Ì‹ß“¹‚È‚ñ‚¾‚ë‚¤‚È‚Á‚ÄŽv‚¤Bv
u‰½‚ª‚ ‚Á‚Ä‚à’ú‚ß‚¸‚É‘±‚¯‚é‚±‚Æ‚ª‘åØB‚¢‚Â‚©‚»‚Ì“w—Í‚ª•ñ‚í‚ê‚é“ú‚ª—ˆ‚é‚Í‚¸‚¾Bv
uÅ‹ß‚ÍwŽ¸”s‚µ‚Ä‚à‚¢‚¢x‚Á‚ÄŽv‚¦‚é‚æ‚¤‚É‚È‚Á‚½B‚»‚±‚©‚çŠw‚×‚é‚±‚Æ‚ª‚½‚­‚³‚ñ‚ ‚é‚©‚çBv
u¡“ú‚àˆê“úAƒ|ƒWƒeƒBƒu‚É‚¢‚±‚¤B‹CŽ‚¿‚ª–¾‚é‚¢‚ÆAŽü‚è‚Ì‚±‚Æ‚àŽ©‘R‚Æ‚¤‚Ü‚­‚¢‚­Bv
u‚È‚ñ‚¾‚©‚ñ‚¾‚ÅAŠæ’£‚Á‚Ä‚éŽ©•ª‚ð‚¿‚á‚ñ‚Æ–J‚ß‚Ä‚ ‚°‚é‚Ì‚à‘åŽ–‚¾‚æ‚ÈBv
uŽü‚è‚Ìl‚½‚¿‚ÉŽx‚¦‚ç‚ê‚Ä‚é‚Á‚ÄŠ´‚¶‚é‚ÆAŽ©‘R‚ÆŠ´ŽÓ‚Ì‹CŽ‚¿‚ª—N‚¢‚Ä‚­‚éBv
uƒ`ƒƒƒŒƒ“ƒW‚·‚é‚±‚Æ‚ÉˆÓ–¡‚ª‚ ‚éBŒ‹‰Ê‚ª‚Ç‚¤‚Å‚ ‚êA’§í‚µ‚Ä‚éŽ©•ª‚ðŒÖ‚è‚ÉŽv‚¤Bv
uŽü‚è‚Éƒ|ƒWƒeƒBƒu‚ÈƒGƒlƒ‹ƒM[‚ð—^‚¦‚é‚ÆAŽ©‘R‚ÆŽ©•ª‚É‚à—Ç‚¢‰^‹C‚ª•Ô‚Á‚Ä‚­‚é‹C‚ª‚·‚éBv
u•sˆÀ‚È‚±‚Æ‚ª‚ ‚Á‚Ä‚àAˆÀS‚µ‚Äi‚ñ‚Å‚¢‚¯‚Î‚È‚ñ‚Æ‚©‚È‚é‚à‚ñ‚¾‚æ‚ËBv
uw‰½Ž–‚à’²˜a‚ª‘åŽ–x‚Á‚ÄÅ‹ß‚æ‚­l‚¦‚éB–³—‚µ‚·‚¬‚¸Aƒoƒ‰ƒ“ƒX‚ðŽæ‚Á‚Ä‚¢‚±‚¤Bv
u•½˜a‚È‹CŽ‚¿‚Å‚¢‚é‚ÆAŽ©‘R‚ÆŽü‚è‚à‰¸‚â‚©‚É‚È‚é‚©‚ç•sŽv‹c‚¾‚æ‚ÈBv
u¡“ú‚ÍV‚µ‚¢‚±‚Æ‚É’§í‚µ‚æ‚¤IŽ¸”s‚ð‹°‚ê‚¸Aˆê•à“¥‚Ýo‚µ‚Ä‚Ý‚éBv
uŽ©—R‚ÈŽžŠÔ‚Á‚Ä–{“–‚É‘åŽ–‚¾‚ÈBŽ©•ª‚ç‚µ‚³‚ðŽæ‚è–ß‚¹‚é‚µAƒŠƒtƒŒƒbƒVƒ…‚Å‚«‚éBv
u“w—Í‚Í— Ø‚ç‚È‚¢‚Á‚ÄM‚¶‚Ä‚éB‚¾‚©‚çA‚Ç‚ñ‚È‚Éh‚­‚Ä‚à‘±‚¯‚Ä‚¢‚±‚¤Bv
u‹P‚­–¢—ˆ‚ª‘Ò‚Á‚Ä‚é‚Á‚ÄŽv‚¤‚ÆA¡“ú‚àˆê“úŠæ’£‚ë‚¤‚Á‚Ä‹CŽ‚¿‚É‚È‚ê‚éBv
uŸ—˜‚Á‚ÄA¬‚³‚Èˆê•àˆê•à‚ÌÏ‚Ýd‚Ë‚È‚ñ‚¾‚æ‚ËB¡“ú‚à­‚µ‚¸‚Âi‚ñ‚Å‚¢‚±‚¤Bv","","","","","@dlsm222","@blchandayo","08:45
11:15
14:26
22:14","","","567642556-jgds5nau3654Efh2V92jD6dlVu7FAnyzhoQvmGjn","WIhBKppukH6LzzrC7JEgyGL2W4Hlpw8LNzHkrLABEndSa","VHNSa3NwVkhZRWpDUXhvV1czWmVCMUR6QVAxVnhSYlpNSVJIY2VwejFmOTNjOjE3Mjk0NDUxMTIxNTY6MToxOmF0OjE","cXIzektyaExyTUdwVVRzY2hsSG0xZ2FJYlFJNEZMSHNnbzRGVm00d28zZEtNOjE3Mjk0NDUxMTIxNTY6MToxOnJ0OjE","","","",""
"Profile 78","ƒfƒJƒNƒŠ‚Á‚Ä’j‚ÌŽq‚«‚ç‚¢‚©‚ÈHy‰üsz#— C—Žqy‰üsz#‚¢‚¢‚Ë‚ÅDMy‰üsz#”ÞŽ•åW’†
fƒJƒbƒv‚ ‚é‚¯‚ÇŒ©‚½‚¢l‚¢‚éHy‰üsz#— C—Žqy‰üsz#‚¢‚¢‚Ë‚ÅDMy‰üsz#”ÞŽ•åW’†
‚±‚Ì‘OƒtƒHƒƒ[‚³‚ñ‚ÆŒ©‚¹‡‚¢‚Á‚±‚µ‚½‚¯‚ÇŽ„D‚Ý‚ÌƒfƒJœƒ“‚¾‚Á‚½?y‰üsz#— C—Žqy‰üsz#‚¢‚¢‚Ë‚ÅDM
‚Æ‚É‚©‚­¡‚Í‚¥‚¿‚ÈŒoŒ±‚ð‚½‚­‚³‚ñ‚µ‚½‚¢(*ÉƒÖÉ)y‰üsz#— C—Žq
¡“ú‚Í‚¨Žð‚ªˆù‚Ý‚½‚¢‹C•ª(†¤…)
ƒfƒJœƒ“‹‚—‚—‚—y‰üsz#— C—Žqy‰üsz#‚¢‚¢‚Ë‚ÅDMy‰üsz#”ÞŽ•åW’†
–³«‚Éƒ„ƒŠƒ^ƒC–é‚Á‚Ä‚ ‚é‚æ‚Ë......
’ª‚ß‚Á‚¿‚á‚­‚¯‚ÇŒ™‚¢Hy‰üsz#— C—Žqy‰üsz#‚¢‚¢‚Ë‚ÅDMy‰üsz#”ÞŽ•åW’†
‘åD‚«?
‚Ý‚ñ‚È‚à‚Á‚Æ‚©‚Ü‚Á‚Ä‚æ[[[(>_<)
ƒIƒW‚àD‚«‚Å‚·?y‰üsz#— C—Žqy‰üsz#‚¢‚¢‚Ë‚ÅDMy‰üsz#”ÞŽ•åW’†
¡“ú‚Í‚Ð‚Æ‚è‚Å‚µ‚¿‚á‚¤‚æ?
“¶œŒN‚ðP‚¢‚½‚¢‹C•ª‚—‚—‚—y‰üsz•’iƒhm‚¾‚¯‚Ç‚½‚Ü‚ÉƒoƒO‚è‚Ü‚·‚—
ƒŠƒA[‚µ‚½‚¢‚æ``.....
‚¦[‚ñ‚¦[‚ñ
DM‚Å??‘—‚Á‚Ä‚­‚él‘½‚·‚¬Iy‰üszƒ€ƒ‰ƒ€ƒ‰‚·‚é‚¶‚á‚ñIÎy‰üsz#— C—Žq
ƒtƒHƒƒ[5000l’´‚¦‚½‚ç—‡Ú‚¹‚Ü‚·!!Îy‰üsz#— C—Žq
‚»‚è‚áƒfƒJ‚¢lD‚«‚æHy‰üsz#— C—Žq
‚¨—U‚¢‚ÌDM‚ÍŠð‚µ‚¢‚¯‚ÇA‚ ‚Ü‚è‚É‹CŽ‚¿ˆ«‚¢DM‚Í‚â‚ß‚Ä[[
‚Ý‚ñ‚È‚ÌD‚«‚ÈƒvƒŒƒC‚ÍHy‰üsz#— C—Žqy‰üsz#‚¢‚¢‚Ë‚ÅDMy‰üsz#”ÞŽ•åW’†
¡“ú‚Í‚Ð‚Æ‚è‚Å‚µ‚¿‚á‚¤‚æ?
Q‚é‘OƒIƒiƒj[‚ª1”Ô‹CŽ‚¿‚¢‚¢y‰üsz#— C—Žqy‰üsz#‚¢‚¢‚Ë‚ÅDMy‰üsz#”ÞŽ•åW’†
¡“ú‚Í‚Ð‚Æ‚è‚Å‚µ‚¿‚á‚¤‚æ?
‚à‚Á‚ÆƒtƒFƒ‰ãŽè‚­‚È‚è‚½‚¢y‰üsz#— C—Žq
ƒtƒHƒƒ[‚³‚ñ‚Æ—·s‚Æ‚©s‚«‚½‚¢By‰üszƒ„ƒ‹‚¾‚¯‚ÌB
ð“ú‚ÍŠy‚µ‚©‚Á‚½y‰üsz#— ƒAƒJ—Žq
’N‚Å‚à‚¢‚¢‚í‚¯‚¶‚á‚È‚¢‚©‚ç‚Ë‚—
’j‚Ìl‚Á‚Ä×‚¢‚æ‚è‚Û‚Á‚¿‚á‚è‚Ì•û‚ªD‚«‚È‚Ì‚©‚ÈHy‰üsz#— C—Žq
‚·‚ñ‚²‚¢ƒ€ƒ‰ƒ€ƒ‰‚·‚é
–¾“ú‰É‚ÈlH
ƒNƒŠ‚Å‚Í‚¢‚¯‚é‚¯‚ÇA’†ƒCƒL‚Å‚«‚È‚¢y‰üsz’N‚©’†ƒCƒL‚³‚¹‚Ä‚­‚ê‚È‚¢Hy‰üsz#— C—Žq
ƒGƒbƒ`‚µ‚½‚¢y‰üsz#— C—Žq
ƒMƒ“ƒMƒ“‚Ì‚¿‚ñ‚Û‚Ý‚½[‚¢Î
“dŽÔ‚ÅƒTƒ‰ƒŠ[ƒ}ƒ“‚Ì‚à‚Á‚±‚è‚¿›‚±Œ©‚Ä‚µ‚Ü‚¤ÎÎy‰üsz#— C—Žqy‰üsz#’sŠ¿Šè–]
ƒtƒHƒƒ[1000l’´‚¦‚½‚çŠço‚µ‚µ‚æ‚¤‚©‚ÈB‚Å‚àAŽù—v‚È‚¢‚©AAy‰üsz#— C—Žq
ƒtƒHƒ[‚Æ‚¢‚¢‚Ë‚µ‚Ä‚­‚ê‚él‘åD‚«y‰üsz‚¢‚Â‚àƒ‰ƒ“ƒ_ƒ€‚Éƒ}ƒ““Ê‚µ‚Ä‚é‚æ?
‚ÌƒZƒt‚à‚¤Ø‚è‚½‚¢‚©‚çA‚¢‚¢‚Ë‚µ‚Ä‚­‚ê‚½l‚Ì’†‚©‚çV‚µ‚¢l’T‚·‚Ë
ƒsƒ‹ˆù‚ñ‚Å‚é‚Ì‚ÅŽ@‚µ‚Ä‚­‚¾‚³‚¢??#— C—Žq
¡“ú‰Æ‚É‚«‚Ä‚­‚ê‚él‚¢‚Ü‚¹‚ñ‚©H
‚à‚¿‚ë‚ñƒ^ƒ_‚Å’†‚Éo‚µ‚Ä‘åä•v‚Å‚·
‚¢‚¢‚Ë‚­‚ê‚½l‚Ì’†‚©‚ç‘I‚Ñ‚Ü‚·?#— C—Žq
ƒCƒ“ƒXƒ^‚ÉƒtƒHƒƒ[‚³‚ñ‚Æ‚ÌƒnüŽB‚è‚ ‚°‚½‚Ä‚Ö
‚Ý‚ñ‚È‚Ç‚Ì•ÓZ‚ñ‚Å‚é‚ÌHy‰üszZ‚Ý‹ß‚¢lƒKƒ`‚Å‰ï‚¢‚½‚¢
ƒCƒ“ƒXƒ^‚Éƒ‰ƒCƒ“Ú‚¹‚Ä‚é‚©‚ç‚Ý‚ñ‚È’Ç‰Á‚µ‚Ä#— C—Žq
y‹}•åzy‰üsz‚â‚è‚½‚¢Õ“®‚É‹ì‚ç‚ê‚Ä‚¢‚é‚Ì‚ÅA‘ŠŽè‚µ‚Ä‚­‚ê‚él‚¢‚¢‚Ë‰º‚³‚¢iƒKƒ`‚Å˜A—‚µ‚Ü‚·jy‰üsz#— C—Žqy‰üsz#‚¢‚¢‚Ë‚ÅDMy‰üsz#”ÞŽ•åW’†
¡“ú‚Ì‚¨•i‘‚«y‰üsz‡@ƒtƒHƒ[‚³‚ñ‚Æ‚ÌƒnüŽB‚èi13•ª40•bjy‰üszy‰üsz‡AŠwZ‚ÌƒgƒCƒŒ‚Å‚¨‚È“®‰æi5•ª32•bjy‰üszy‰üsz‡B‘ÌˆçŠÙ‚Åæ¶‚Ìär‚ß“®‰æi6•ª7•bjy‰üszy‰üsz‚Ç‚ê—~‚µ‚¢HH??y‰üsz‚¢‚¢‚Ë‚Æu??v‚Å”z‚Á‚¿‚á‚¤‚æ[III
X‚¾‚Æ‚·‚®‰ï‚¦‚é‚Á‚Ä•·‚¢‚ÄŽn‚ß‚½‚ñ‚¾‚¯‚Ç–{“–Hy‰üszƒCƒ“ƒXƒ^‚æ‚­Œ©‚é‚©‚çƒCƒ“ƒXƒ^‚É˜A—‚Ù‚µ‚¢??y‰üsz#— C—Žqy‰üsz#‚¢‚¢‚Ë‚ÅDMy‰üsz#”ÞŽ•åW’†
?‚µ‚½l‚ÉƒIƒi“Ê‚·‚éIy‰üsz?‚µ‚½l‚ÉƒIƒi“Ê‚·‚éIy‰üsz?‚µ‚½l‚ÉƒIƒi“Ê‚·‚éIy‰üsz?‚µ‚½l‚ÉƒIƒi“Ê‚·‚éIy‰üsz?‚µ‚½l‚ÉƒIƒi“Ê‚·‚éIy‰üszy‰üszƒRƒƒ“ƒgu??v‚Å—Dæ‚µ‚Ü‚·Iy‰üsz#— C—Žqy‰üsz#‚¢‚¢‚Ë‚ÅDMy‰üsz#”ÞŽ•åW’†","","","","","(78)DawnR13967","@eighteenth691","07:03
11:08
14:15
23:18","","","1784730595815251968-7u6ZSmPdv5mv58d8mXEtckOuNE1mq0","Kjo6ObhziqIgAQzQiQbUIMofqB7hsssCNYBiOyPMP24RR","ZTZYMm0tYnRyckg3a2ppWTh2UnFnOUpHaVB2aHcwTG5BRTI1a1RkQ2lvdWNROjE3Mjk0NDUxMjU0MjE6MToxOmF0OjE","RU5pZ3VjOTZ4c3hzMy1pM1hnbndFT1VhWUJUODRTZVJBRUEtYmdMMVdSZ2ZvOjE3Mjk0NDUxMjU0MjE6MToxOnJ0OjE","","","",""
"Profile 99","ƒfƒJƒNƒŠ‚Á‚Ä’j‚ÌŽq‚«‚ç‚¢‚©‚ÈHy‰üsz#— C—Žqy‰üsz#‚¢‚¢‚Ë‚ÅDMy‰üsz#”ÞŽ•åW’†
fƒJƒbƒv‚ ‚é‚¯‚ÇŒ©‚½‚¢l‚¢‚éHy‰üsz#— C—Žqy‰üsz#‚¢‚¢‚Ë‚ÅDMy‰üsz#”ÞŽ•åW’†
‚±‚Ì‘OƒtƒHƒƒ[‚³‚ñ‚ÆŒ©‚¹‡‚¢‚Á‚±‚µ‚½‚¯‚ÇŽ„D‚Ý‚ÌƒfƒJœƒ“‚¾‚Á‚½?y‰üsz#— C—Žqy‰üsz#‚¢‚¢‚Ë‚ÅDM
‚Æ‚É‚©‚­¡‚Í‚¥‚¿‚ÈŒoŒ±‚ð‚½‚­‚³‚ñ‚µ‚½‚¢(*ÉƒÖÉ)y‰üsz#— C—Žq
¡“ú‚Í‚¨Žð‚ªˆù‚Ý‚½‚¢‹C•ª(†¤…)
ƒfƒJœƒ“‹‚—‚—‚—y‰üsz#— C—Žqy‰üsz#‚¢‚¢‚Ë‚ÅDMy‰üsz#”ÞŽ•åW’†
–³«‚Éƒ„ƒŠƒ^ƒC–é‚Á‚Ä‚ ‚é‚æ‚Ë......
’ª‚ß‚Á‚¿‚á‚­‚¯‚ÇŒ™‚¢Hy‰üsz#— C—Žqy‰üsz#‚¢‚¢‚Ë‚ÅDMy‰üsz#”ÞŽ•åW’†
‘åD‚«?
‚Ý‚ñ‚È‚à‚Á‚Æ‚©‚Ü‚Á‚Ä‚æ[[[(>_<)
ƒIƒW‚àD‚«‚Å‚·?y‰üsz#— C—Žqy‰üsz#‚¢‚¢‚Ë‚ÅDMy‰üsz#”ÞŽ•åW’†
¡“ú‚Í‚Ð‚Æ‚è‚Å‚µ‚¿‚á‚¤‚æ?
“¶œŒN‚ðP‚¢‚½‚¢‹C•ª‚—‚—‚—y‰üsz•’iƒhm‚¾‚¯‚Ç‚½‚Ü‚ÉƒoƒO‚è‚Ü‚·‚—
ƒŠƒA[‚µ‚½‚¢‚æ``.....
‚¦[‚ñ‚¦[‚ñ
DM‚Å??‘—‚Á‚Ä‚­‚él‘½‚·‚¬Iy‰üszƒ€ƒ‰ƒ€ƒ‰‚·‚é‚¶‚á‚ñIÎy‰üsz#— C—Žq
ƒtƒHƒƒ[5000l’´‚¦‚½‚ç—‡Ú‚¹‚Ü‚·!!Îy‰üsz#— C—Žq
‚»‚è‚áƒfƒJ‚¢lD‚«‚æHy‰üsz#— C—Žq
‚¨—U‚¢‚ÌDM‚ÍŠð‚µ‚¢‚¯‚ÇA‚ ‚Ü‚è‚É‹CŽ‚¿ˆ«‚¢DM‚Í‚â‚ß‚Ä[[
‚Ý‚ñ‚È‚ÌD‚«‚ÈƒvƒŒƒC‚ÍHy‰üsz#— C—Žqy‰üsz#‚¢‚¢‚Ë‚ÅDMy‰üsz#”ÞŽ•åW’†
¡“ú‚Í‚Ð‚Æ‚è‚Å‚µ‚¿‚á‚¤‚æ?
Q‚é‘OƒIƒiƒj[‚ª1”Ô‹CŽ‚¿‚¢‚¢y‰üsz#— C—Žqy‰üsz#‚¢‚¢‚Ë‚ÅDMy‰üsz#”ÞŽ•åW’†
¡“ú‚Í‚Ð‚Æ‚è‚Å‚µ‚¿‚á‚¤‚æ?
‚à‚Á‚ÆƒtƒFƒ‰ãŽè‚­‚È‚è‚½‚¢y‰üsz#— C—Žq
ƒtƒHƒƒ[‚³‚ñ‚Æ—·s‚Æ‚©s‚«‚½‚¢By‰üszƒ„ƒ‹‚¾‚¯‚ÌB
ð“ú‚ÍŠy‚µ‚©‚Á‚½y‰üsz#— ƒAƒJ—Žq
’N‚Å‚à‚¢‚¢‚í‚¯‚¶‚á‚È‚¢‚©‚ç‚Ë‚—
’j‚Ìl‚Á‚Ä×‚¢‚æ‚è‚Û‚Á‚¿‚á‚è‚Ì•û‚ªD‚«‚È‚Ì‚©‚ÈHy‰üsz#— C—Žq
‚·‚ñ‚²‚¢ƒ€ƒ‰ƒ€ƒ‰‚·‚é
–¾“ú‰É‚ÈlH
ƒNƒŠ‚Å‚Í‚¢‚¯‚é‚¯‚ÇA’†ƒCƒL‚Å‚«‚È‚¢y‰üsz’N‚©’†ƒCƒL‚³‚¹‚Ä‚­‚ê‚È‚¢Hy‰üsz#— C—Žq
ƒGƒbƒ`‚µ‚½‚¢y‰üsz#— C—Žq
ƒMƒ“ƒMƒ“‚Ì‚¿‚ñ‚Û‚Ý‚½[‚¢Î
“dŽÔ‚ÅƒTƒ‰ƒŠ[ƒ}ƒ“‚Ì‚à‚Á‚±‚è‚¿›‚±Œ©‚Ä‚µ‚Ü‚¤ÎÎy‰üsz#— C—Žqy‰üsz#’sŠ¿Šè–]
ƒtƒHƒƒ[1000l’´‚¦‚½‚çŠço‚µ‚µ‚æ‚¤‚©‚ÈB‚Å‚àAŽù—v‚È‚¢‚©AAy‰üsz#— C—Žq
ƒtƒHƒ[‚Æ‚¢‚¢‚Ë‚µ‚Ä‚­‚ê‚él‘åD‚«y‰üsz‚¢‚Â‚àƒ‰ƒ“ƒ_ƒ€‚Éƒ}ƒ““Ê‚µ‚Ä‚é‚æ?
‚ÌƒZƒt‚à‚¤Ø‚è‚½‚¢‚©‚çA‚¢‚¢‚Ë‚µ‚Ä‚­‚ê‚½l‚Ì’†‚©‚çV‚µ‚¢l’T‚·‚Ë
ƒsƒ‹ˆù‚ñ‚Å‚é‚Ì‚ÅŽ@‚µ‚Ä‚­‚¾‚³‚¢??#— C—Žq
¡“ú‰Æ‚É‚«‚Ä‚­‚ê‚él‚¢‚Ü‚¹‚ñ‚©H
‚à‚¿‚ë‚ñƒ^ƒ_‚Å’†‚Éo‚µ‚Ä‘åä•v‚Å‚·
‚¢‚¢‚Ë‚­‚ê‚½l‚Ì’†‚©‚ç‘I‚Ñ‚Ü‚·?#— C—Žq
ƒCƒ“ƒXƒ^‚ÉƒtƒHƒƒ[‚³‚ñ‚Æ‚ÌƒnüŽB‚è‚ ‚°‚½‚Ä‚Ö
‚Ý‚ñ‚È‚Ç‚Ì•ÓZ‚ñ‚Å‚é‚ÌHy‰üszZ‚Ý‹ß‚¢lƒKƒ`‚Å‰ï‚¢‚½‚¢
ƒCƒ“ƒXƒ^‚Éƒ‰ƒCƒ“Ú‚¹‚Ä‚é‚©‚ç‚Ý‚ñ‚È’Ç‰Á‚µ‚Ä#— C—Žq
y‹}•åzy‰üsz‚â‚è‚½‚¢Õ“®‚É‹ì‚ç‚ê‚Ä‚¢‚é‚Ì‚ÅA‘ŠŽè‚µ‚Ä‚­‚ê‚él‚¢‚¢‚Ë‰º‚³‚¢iƒKƒ`‚Å˜A—‚µ‚Ü‚·jy‰üsz#— C—Žqy‰üsz#‚¢‚¢‚Ë‚ÅDMy‰üsz#”ÞŽ•åW’†
¡“ú‚Ì‚¨•i‘‚«y‰üsz‡@ƒtƒHƒ[‚³‚ñ‚Æ‚ÌƒnüŽB‚èi13•ª40•bjy‰üszy‰üsz‡AŠwZ‚ÌƒgƒCƒŒ‚Å‚¨‚È“®‰æi5•ª32•bjy‰üszy‰üsz‡B‘ÌˆçŠÙ‚Åæ¶‚Ìär‚ß“®‰æi6•ª7•bjy‰üszy‰üsz‚Ç‚ê—~‚µ‚¢HH??y‰üsz‚¢‚¢‚Ë‚Æu??v‚Å”z‚Á‚¿‚á‚¤‚æ[III
X‚¾‚Æ‚·‚®‰ï‚¦‚é‚Á‚Ä•·‚¢‚ÄŽn‚ß‚½‚ñ‚¾‚¯‚Ç–{“–Hy‰üszƒCƒ“ƒXƒ^‚æ‚­Œ©‚é‚©‚çƒCƒ“ƒXƒ^‚É˜A—‚Ù‚µ‚¢??y‰üsz#— C—Žqy‰üsz#‚¢‚¢‚Ë‚ÅDMy‰üsz#”ÞŽ•åW’†
?‚µ‚½l‚ÉƒIƒi“Ê‚·‚éIy‰üsz?‚µ‚½l‚ÉƒIƒi“Ê‚·‚éIy‰üsz?‚µ‚½l‚ÉƒIƒi“Ê‚·‚éIy‰üsz?‚µ‚½l‚ÉƒIƒi“Ê‚·‚éIy‰üsz?‚µ‚½l‚ÉƒIƒi“Ê‚·‚éIy‰üszy‰üszƒRƒƒ“ƒgu??v‚Å—Dæ‚µ‚Ü‚·Iy‰üsz#— C—Žqy‰üsz#‚¢‚¢‚Ë‚ÅDMy‰üsz#”ÞŽ•åW’†","","","","","(99)‘IŽèŒ x_fan9x","","07:25
11:14
14:41
23:57","","","880773299885625344-ydL3qpYkcOKmz4sats2Y08bgsm17up1","R0KNblcAaGuxZNfqszFUDZ4Zgkn5fJm9K2KYBOcjcebnL","Y1Nub0dTbDJnektINTN2MjNmcnEyUE92SDJCSzdMWnFSLXpjNVF1LVBwMDBGOjE3Mjk0NDUxMzkzNTI6MTowOmF0OjE","QjYtQkVoemhIRDdtaUNVNzdwS0lCajQxeHlFNmFheEVEZ3ZaNlgwTTdLdk85OjE3Mjk0NDUxMzkzNTI6MTowOnJ0OjE","","","",""
