1831480079114985708,1831508891471167749
1831511473027522820,1831511792025268633
1831628455466950752,1831630893540372769
1831660631654854909,1831664977641664684
1832529720002617426,1832533071339639168
1832720658565882229,1832721278291361920
1833340510825812354,1833340925327905020
1834055671886815651,1834056185701695619
1834136380198502669,1834136611501858892
1834209871643947509,1834209983535481051
1834771819775361154,1834777268075610388
1834871755753898061,1835139722689364184
1835155196671873418,1835155314045546713
1835468875816943907,1835502418269966519
1835670418503749952,1835864920212279657
1836391238528045562,1836392382784561336
1836533181824274533,1836533248631148634
1836604899481792554,1836604960458650059
